pred_SurfaceScore,pred_DeepScore,pred_StructuralScore,pred_BehaviouralScore,StudentID
15.466638274901674,15.409314431713288,15.956663536114304,15.796757187517503,1501
18.37095815480188,19.057232047016804,18.136940108385957,18.891223922068015,2586
17.068730797770534,17.37700591958598,17.413090150329296,17.237349676084047,2653
17.254596874526854,17.504228984658255,17.882892230122735,17.47217946269623,1055
18.484825788033735,19.262121672014622,18.53380364970062,18.981272827240918,705
19.575790791808576,19.720520403267955,19.335446277789092,19.138099121678284,106
17.944077547016647,18.10865479735566,18.39222329120161,17.853838967730205,589
15.888907120620948,15.995446350593202,15.863392683096672,15.72818353105058,2468
20.208978506160417,19.763666663789174,20.514750649985942,20.154746693946855,2413
18.871825585436792,18.986786359500684,19.903005783181456,19.504719684654777,1600
17.705220661360883,16.9079457914143,17.483601165611343,16.195977608152806,2464
17.752334367653294,17.038182418998026,17.04580702544997,17.424806824282598,228
14.065815399584412,15.846313319920812,15.145118043337686,14.254712789965271,915
20.723853968546415,20.910230562501283,20.11140609835913,19.328228563432,794
18.142628032646822,19.286232187924075,19.839244871115145,19.5693341118473,3021
19.410147110503296,19.229790546082665,19.0087959271344,18.524768480939738,3543
19.83955832098085,19.62294771977974,20.569323364419155,19.722734418577353,1073
18.15910678775771,18.122298178215495,18.74085793662277,17.805787864600614,3351
17.89948207467522,17.325358987538646,17.768738856845985,17.599377771286278,1744
21.246253617452307,21.064910010467493,21.567219378696038,22.408848927367846,1084
18.515472257217798,18.397942882317537,18.500239435325152,19.383261319647403,926
16.95238080256812,17.368738997714974,16.387527310070162,17.28973973372657,3049
16.751853566840083,17.661753033228138,17.689566194958775,17.82723275481995,1117
16.628855727511453,17.58429030654612,16.829102957677073,16.757338373867327,642
17.95853963755935,17.517820300368268,16.891788683124254,17.096446518963578,4767
17.522739685894475,17.802158727529964,17.546652630642775,16.6599531780112,501
17.091074195643998,15.86386103576232,16.259638334951315,16.532703151503437,4066
22.33552302482451,22.556090034864923,22.219298807319657,22.795886524632287,333
20.623582456505474,20.641771158988956,20.770327985418398,20.5647351584429,4684
19.402237540365658,19.019064119899742,19.062904015514142,19.284242721760812,486
17.067989391550014,17.0687030523345,17.782869619216022,16.94137006535729,1962
15.518734495928468,15.703554033010576,16.239937419319048,16.572019152416306,393
18.422469667745073,17.803249322300744,17.656534566286005,17.83379278334811,4842
18.76411295133494,17.986547184650814,17.489150425569527,19.292319367595987,4866
16.26044483496966,15.086690784744043,15.141135400217795,16.014077001774453,1755
17.474615825842456,18.378526459019564,17.967539471555057,18.245794412772625,2515
17.126394341330123,17.72171811191977,15.912180496935111,16.901079733955697,3585
18.527405287743605,18.40473187602929,17.893271217663504,18.646797568141853,4315
18.141789861104375,17.94873587376092,17.68401276278118,19.126971471025616,4966
21.681345290675363,20.33839896504012,20.031572190327037,19.84342518719624,2099
17.9879321739793,17.65711246703448,18.249680015130593,17.689137158161554,3599
17.00003363438204,16.82125689681767,17.94724661482448,17.199275535394154,4121
19.179353685797864,18.227494284711494,19.078303013896917,20.032881132946258,29
18.725095954308998,18.56174740907243,18.29604004444753,18.275920859189792,65
20.441078813188696,19.772377502646894,18.91869655296004,19.4759570081813,838
16.18527150726252,15.589984020125828,16.026131668133072,16.35475093174301,3906
16.92141618614002,16.107448987307713,16.0601538891145,16.224869688476343,3773
17.83405588871721,16.74719164385574,16.729846189737014,16.857221034895478,4635
18.921794904342235,19.740350057695924,20.00707889475658,19.78717274847535,3161
16.947778626067798,15.645992150502416,16.12423901249864,17.019138884061743,2659
18.89463228103209,19.320937258715915,18.34371962406216,18.68880187273862,4615
17.210147634083423,17.745300065971083,17.44341671456725,17.761861417325832,4628
18.997894593036396,18.840655242598267,18.552529680750602,18.37891798330011,2451
19.81027903055117,20.80957689992267,20.745386848482276,22.231185499291524,2846
15.761730024572465,16.574304276376573,14.937361558381987,15.84662359482578,1144
15.901324899129746,16.728010266962723,16.06141087017588,16.335974746500355,3078
20.24212948122326,20.486948033776358,22.290653820399164,21.212592850424063,1103
20.15697225284219,19.891512851046283,20.66005054146125,20.156794702809027,168
20.025966899872316,18.987723372287668,19.53749595853748,20.032405576694043,1670
16.70032549345833,17.32030389895032,16.92560752621084,17.649672393502417,2570
19.793647064826036,19.605552038623696,19.76049245002954,19.51787176717299,2377
20.53545724614571,20.149048977739817,20.1657302739217,20.547915984216555,4395
19.449515479254572,19.213392880661505,19.53140059774575,18.980745086168337,4257
18.238063801903426,17.60891747164438,18.05010572820884,18.11390705460804,3862
21.33605497001271,20.99663365382703,20.576032018965005,19.96715513493779,23
19.566950617543057,20.041218889369237,21.334799734693224,22.19373350648601,2633
20.92059230011073,20.959172307005606,20.6544128941176,20.673587693721846,3340
17.039798603086297,17.215547798263497,18.19932278510424,18.10457667680857,2215
18.789423093108198,19.247492182821485,19.753742537987844,18.838504873107244,3682
15.340462428972023,15.208706218383332,15.635698075664966,15.708177151481918,4724
19.491320495541114,20.10613840214168,19.447194554472983,19.007512496274423,1907
17.51883260946506,17.88726299097004,17.17510588936914,17.98297704315567,84
20.00267489099528,19.204791459133425,19.866800086822284,19.508217863529772,227
14.735475262016719,14.315918249471329,14.313562216956273,14.955915695639487,296
17.50682945716071,16.99807810314599,16.54517713527928,17.398000036195416,1001
18.46197711661176,18.37988653695718,18.58868455493945,18.348152729896757,2138
13.697748607412208,13.873054307316384,13.445633109581356,13.10804129890838,711
15.109796358993243,14.327445347975448,13.9745692069512,15.36263582567315,2801
15.855991509617956,16.696569452567328,16.49121097191154,17.136272263927804,2527
14.783003905134048,15.768573473229312,15.143161072583855,15.517422523651296,3752
19.424441108200877,17.563267923584636,19.02028029217947,18.180362499849767,3321
22.27422408743334,22.519622348625052,22.246154566053733,22.019137899981846,3181
18.20998833643841,18.349475902321636,18.29068176795243,18.448738852690436,4183
19.009585869673526,18.914797683680696,19.396792207677933,19.623152537103632,1615
16.40808802571241,17.235668824902955,15.7954691639718,16.965058953020023,3024
18.31062329943891,18.08188488536933,18.06857760118511,18.453749605522262,1413
17.141757863584463,17.806172155652156,18.514028938177304,18.141152509727313,763
15.880520089058727,16.61131842147168,16.68963902471021,17.293368173424152,655
21.52542991671964,21.696124144864797,22.282965198733137,22.447291285690017,4797
18.82983942232227,19.022647853549774,18.410218144757458,19.27822207331525,3849
19.915785819450324,20.369279180282884,20.302725230110227,19.636925331441365,4153
18.768091795115296,19.32905856431591,18.77420908892815,18.95088821203062,468
19.38836258861834,19.028235883938947,20.282159357868025,19.024051533111212,157
20.091412755175316,19.41290657387191,19.925540175015716,20.150514349810297,1295
16.81406499444315,17.34420875886802,16.699497382778542,16.558467696305833,497
16.351343200993718,15.700125228071425,17.019958150507954,16.48446406732015,4740
18.27109544512985,18.624529557120482,18.003588700916954,17.665722464889754,2940
20.795115467344885,20.556462075919026,21.790838542927364,20.717352233869168,3456
18.478596682292256,16.880181001922626,16.778803147853797,17.77040757879578,373
17.028472238915796,17.006986927563474,17.291949012008885,16.809276991625925,79
18.48481039195044,17.630166015052097,18.2278228936774,18.078814836458438,1553
17.247352413715554,15.582480095657083,15.86308693029941,16.11159899007838,1669
17.379880153376345,17.80502710728499,18.407626642386532,18.006105877887162,2131
15.225654481248915,16.01338079598032,15.009799169175285,13.094102691510647,4439
21.600147475827335,21.547068050825484,22.255465710057692,21.508530263023054,465
19.29784769422733,18.698953710305965,20.86879008745378,18.739018102394947,248
16.50217630300698,15.823644451870555,15.612851374844965,16.3185694186309,931
18.979453234484428,18.35665978218417,18.99115704515012,18.743213852464002,1335
18.691428537044434,19.58157877681931,18.39459197186449,18.55074042767595,4524
20.025524444204198,18.933988214869974,18.99911805410901,19.333818066790574,1338
20.867995432198853,20.404175972074164,21.28519499863786,20.777537543109194,1406
18.816529493030814,19.15524871059292,19.727166462846895,19.63704943301802,1090
17.131017845491137,17.17476977194498,17.446955829156376,16.23057239361216,4209
19.442468723506543,20.080526385380736,22.481587649975687,20.151537824974668,742
19.992780494106956,19.567006508812025,19.008102833175826,19.742122071241038,2323
18.69891761968346,19.154265054242934,18.76651354502324,18.887187763232564,3601
20.07601543052522,20.52110092702761,19.829067418416695,19.986961812598132,2123
18.60944979093697,19.053086535855083,19.524134795699556,18.988509590821614,2094
15.724517901342903,15.687560451520426,15.740183420272924,16.401491799975894,240
20.12372726157669,19.317207230466607,19.225510735273872,19.324371598867764,2351
21.69105918870753,21.13509765236324,21.961330708269376,20.99169263217758,1370
16.060105219890858,15.586021640981249,14.594601478980199,15.589762515170436,1057
18.78701396642761,18.65415341159968,19.29745290514211,19.047942772259844,4816
17.001972684939805,17.470665048078736,17.18497594450519,16.798022143725174,199
22.07387411117363,21.771842685194457,22.131197541916016,22.084756871532573,2280
16.888045757371234,17.84410323794152,17.56653945227923,16.662122888594908,4749
18.763458941742247,18.186083333248092,18.484585138185075,17.85242292821368,2220
16.80674297069223,16.879809982569103,17.2133362409393,16.191911206021725,4771
18.096747230850212,18.52579140611782,17.52848195463359,18.626622374744144,2819
18.832144508912826,18.57549167236865,19.164806207244467,17.698170488381482,3150
21.007563008712513,21.306921690072112,20.699810124406646,20.69346899027926,4256
18.0684052250008,19.07256230086307,18.353872986784626,18.58856617960233,3107
19.827094044623042,20.485890450457564,20.710156285697234,20.32583133826728,1973
16.851866392683775,16.47735475199175,16.755789693567394,15.483957049181749,1375
13.93915556802422,14.342294468505337,14.703857009219389,15.089856625656683,3968
18.288982685816155,18.26656609924532,19.12230144011921,19.00882383090708,4062
18.0831616286775,18.964462598913425,18.173330656866597,18.438765064859368,4445
18.468201951527302,19.44620750371884,19.19242343574155,19.434268504627315,3557
17.782054732116855,17.2142807106484,17.28259374639098,17.321903918102716,964
20.74500092753736,20.740507917977972,21.522756600780966,20.933613255241166,179
17.550198273953654,17.746462709612032,18.160469554705685,16.783557872320124,3698
19.909016364681392,19.33804683602686,19.162013356351977,19.115347534449047,3821
21.037165475453516,20.952695796821125,20.319406775612496,20.794330618793083,4878
19.25162724863667,19.023018694065264,19.345939378795986,19.48437067211047,3899
16.81768423668854,16.671751771327497,17.397791386104394,17.437759979637793,4487
19.956955000808758,19.772654551356897,20.26544649332252,19.718967425351675,3238
17.21570701814022,16.90540900694698,16.670060963314423,16.85678322239796,2974
20.82294690202427,20.545441063921334,20.532003169631338,20.498205446112575,3580
18.800880697027154,18.36219821289454,19.473184209694118,18.447929646498938,2887
17.94724449710616,17.16119792608056,17.781343156478194,17.932501232457394,2575
14.721674133386946,15.577667209202753,15.793837867727527,15.315429050628618,1419
18.507192246168803,16.787403310883345,17.056865002592218,16.80215353156962,3907
17.681254450600957,17.717504511634665,17.658097650633778,17.227200087822318,4673
17.120076797569684,17.05657789420352,16.715772713188766,16.832338725500875,4902
16.955662712794286,17.42672602045211,17.191668756542455,16.565635911009757,1860
19.354986694768296,18.066892611299938,18.69790856442778,18.315946063616373,8
18.073393739378574,19.143483562539604,18.06384783377798,19.16204150753288,2894
21.14380087715295,22.92196582515087,22.06261984920475,22.289758697617398,2847
20.28749628873511,20.18623818550118,19.64900804987782,19.559557237535422,3664
17.75557848951076,16.809424292557026,18.554039753681458,17.838408489560212,144
19.318652735432956,19.844474782418857,20.04862873593577,19.149676236087224,2104
20.216850911775374,20.19993625068249,20.49956715003132,20.091258730782975,3143
15.756863389332079,15.705464379994208,16.221294590120873,15.63798290863236,841
20.205232342084912,19.053538315988586,19.668176267882412,19.650242244214358,1128
14.572279229627199,15.311396481012107,15.54414028456105,15.077118382482384,151
19.83931411973967,20.501990131717847,19.15239188435494,19.851340185370546,3591
20.252484201367214,19.738017890126176,20.27912154623924,20.10395615554779,1052
19.018461818878713,18.668742168831336,17.977190116202237,18.605864784477067,1590
18.087419264470565,18.26326625407915,17.514139410562258,18.67606638147022,3008
16.40592751867763,15.896056298612741,16.840614457481912,16.355134744079535,2029
19.152196393978464,19.563031288581843,18.648611130201488,19.808238097591964,3418
19.44094309358966,19.043075517243388,19.163930477473322,19.3688132301337,1807
16.603106459908755,15.799288661078737,16.843910009725207,16.185903705708576,2696
20.123787663466906,19.50480576281825,19.219225788130355,20.010769526019917,3039
19.206017333723477,18.339452147834816,18.351603448313924,18.556079901424617,472
18.45479952336534,18.58349533455787,18.980584334685002,19.341298993758063,3289
17.00843386374884,16.24389941945225,17.171554358827308,16.887602676775145,4074
16.4629758191247,15.558760033755755,16.179379895761596,17.26006712073344,3496
19.38216260899947,18.95102891382776,18.825733587971953,19.123992482673096,279
18.026830276139016,17.39376104638515,17.40390995758097,17.089470153323212,1741
19.30260160970715,19.742990562837768,19.79373956526191,18.95082961574817,4624
17.75846922314265,18.4491711598265,19.077908240707483,18.70781752867915,2886
20.23578019820204,19.58908705829051,19.602377029987437,19.138332406002075,1941
20.89618891820854,21.390927747698814,21.48657825218395,21.159590175011648,100
20.98966133203471,19.467377298708282,21.571028228621593,20.65476624452968,2804
17.875500870629875,17.482529521251603,17.730846587289864,17.618575687108272,3570
19.87768475613718,18.825847639367982,19.237293954408475,18.98005133282152,3684
20.75933656319536,21.56444514856745,21.738390416458138,20.298251053264853,3661
19.64050603115925,20.204942450824916,20.273976580151526,19.784267736405383,530
19.982160365183766,19.75099586224964,19.619052364382043,20.137442271847135,1886
20.613680434226975,20.375719086194284,19.80810004075429,20.430675076782965,681
15.00971717598564,14.752204160284604,14.652931997376738,14.997825751815942,3794
20.834974931417936,20.60674378168491,20.351255593814656,21.670146249360528,3944
19.608417415751475,18.54237630829091,19.533346755690456,19.10003658264719,4666
16.944270436896247,17.984939701801135,17.74155364931907,17.704453869745542,2018
17.502397908484507,17.486104762844153,17.958205739316057,16.082852650536562,1096
22.185075739633135,22.322685038265146,21.125169717831795,22.034258654358606,829
17.385385676703503,18.085764848067992,17.6231467685335,18.02001882738806,2805
16.001898116903114,17.418554226550533,17.13712468396458,18.04216144510971,3829
17.400883146770806,17.269197422119262,16.63066340543518,16.6255787815048,4381
20.607096413312238,19.540599734329746,20.3043903006612,19.19469502412363,3891
15.211924033754583,16.052884384666964,14.744474842656675,15.820167204569364,764
20.588897065206382,19.878469983049442,20.275436090720802,19.603927414573782,2767
16.488084984942372,17.52227957262221,17.199960457713537,16.864616477476353,4328
20.181402714953627,19.803561607854295,20.98587090974424,20.098883427995037,3295
14.534078154471226,13.727804202711235,14.396278232969994,14.848421243662383,2194
19.719914949953182,20.396693749294,19.15930729779282,19.30745008605109,2357
19.570278904933854,19.239005662936883,19.539560209223893,19.63426660428331,3425
16.544330271662528,16.305455292074907,16.749270296648948,16.578031523701327,3979
18.72544634949916,18.938885353762117,18.812663851087652,18.92182772471356,911
18.5548186030057,18.503563732534147,18.8966977656271,19.168902860430098,3145
20.243207041544117,19.65746027111267,19.88646401512145,19.512971129102155,999
13.317749788659619,12.006686625643924,14.716844125365107,13.937757168873345,3653
20.24286638867695,20.0052925428582,19.54902466791215,20.1154937195316,2483
19.585331854619437,18.709853829837098,18.96972011718191,19.253314188281824,4076
17.923661655358412,18.23854960403405,17.772164388693177,18.523628961770942,2370
16.572522449503627,16.34368570858749,16.909711522805264,16.77297540057109,4838
22.692860442014613,21.630116742493307,20.50832158046877,22.278980431440786,33
22.68554567725549,22.618643847602968,22.215434370079198,22.47498722768924,3789
17.84306084958828,19.46651927983253,19.80909048359926,20.17279848730729,1020
17.385642222839497,18.227375800321035,17.240788507889402,17.901961870402502,1647
19.994427025034067,19.9833086912648,19.01699910924477,19.176078475737043,733
18.6315335540259,18.61523543860749,18.7988685492677,19.104519403500195,4582
18.246038493146845,18.072390105097128,18.819662690308117,18.265561508402556,3274
15.658349172708508,16.293448726045195,17.348846108882643,16.54394929700228,1620
19.845400503040572,19.530500553302048,19.854828624121684,19.396293008069435,3135
18.241550942229345,18.58623383168898,18.588247599289616,18.499391854576967,2689
21.124843918270685,20.510573035625633,19.95937089781033,20.37662913184589,2707
16.540819674847675,16.215024796384412,17.084753455147492,16.622298024885875,297
16.38483559184497,16.257332037755962,16.81588177476236,16.65909848446659,2339
17.46638782510039,18.08975090025923,17.3804086076822,17.807480263598503,653
17.08545248733782,17.789043536528464,17.6063135714857,17.69170662700811,3774
18.231015042701603,18.294023344097543,16.87748260615509,18.194462911866797,1255
15.037733341156752,16.259037818922213,15.36392063649384,15.237455912811548,4520
18.92938386013428,19.322066409659016,19.28632345821644,18.72804688748525,230
18.443746291353797,18.701427120051882,18.646419847639017,18.208008443326165,3276
19.376609136052966,18.175824542849394,18.48506398503101,18.922626630567866,3230
19.73864986156954,19.824891953720226,19.682171716933798,19.30226853826438,691
16.98718891606005,17.34613214144144,17.098224161462376,17.485812023687203,2754
16.60452487954364,17.249303684041532,17.72237710235106,17.225470095469376,4863
19.71446524053454,19.08334263441061,18.010417513863054,18.92283220734705,969
15.7373039865139,15.609191422805484,15.761675309236157,16.325622789215174,633
18.203971118269784,18.806277347867397,19.49651606850625,18.380990961189774,4092
21.473143697990846,21.737170219817195,21.85812978437984,21.399746750166567,4077
17.645221302971922,17.2360668707623,17.21361975419013,18.086250253275647,1321
17.399935763697204,17.406041323920533,16.855139262149244,17.426398012067466,1831
17.73473713205142,18.121773876909298,18.445485934345427,19.07400330641598,2178
21.378974052627758,21.36448037642378,20.985939923932477,20.901794350407922,1417
17.53622893783635,17.33252131622707,18.39485061029862,15.635358275761414,1782
19.411484697144303,19.4480585684518,19.537323730254958,19.600168316126556,4715
17.15365565282405,17.418079425006212,16.58448891718307,17.25686597525912,4701
16.130493617490057,15.517594004871302,15.035259610785834,16.035861567069905,4118
20.02006006559177,19.91983714851412,18.760888812844744,18.15050676652883,1652
18.24276113833572,18.493953453793768,17.717869276712484,16.759816410319786,1483
18.52389638506826,18.154263317647143,18.23580647719437,18.54348414243243,2275
19.880416430382084,20.527924636985343,20.422422210081056,19.989825421017873,877
18.99028687486776,19.53182552990767,20.054110172883576,19.736602253041905,3525
22.512804748312238,23.137806154378573,23.116891378992186,22.53780265410343,2016
15.256163552671671,15.523324489239442,14.9816695724073,15.91853068044474,426
18.07308585424551,18.195522264430323,17.36020055448712,18.29668000179179,626
20.131884289563338,20.15671328508824,20.611322703574196,19.84674310527059,1589
17.726710078372374,17.52955179817495,17.13789635496015,18.23308142236644,2223
20.84587913889064,20.08186533844918,20.194337352493253,19.895319561100024,2217
16.657491699844485,16.008450846081104,16.687920656601637,15.47354968260375,4483
20.40913864761819,19.094943753965477,19.475684354227337,20.528687825061382,1485
20.161197302058227,20.421253638292175,20.347374726155177,21.286703443308213,1739
19.462255055599396,19.334350329000085,19.66765461421186,20.025198795907933,2480
18.941394514671444,19.235170134499914,18.578628247955088,19.258699084945214,2584
21.98289555802221,21.00235476461701,20.89805910359339,20.21313789943139,2893
16.62069271828343,17.225091701688886,17.04713010844107,16.99805391404903,149
20.919377218372897,21.091454586310064,20.951307482755468,21.139003183785647,676
17.724356153701294,18.624556170991074,18.047587024627056,19.015574507239005,1261
16.28404952431334,16.514469063114767,17.114619722945985,16.63025411318904,4917
16.23794890468426,16.479320989914918,15.312261491020159,15.354241361356165,12
15.818577434624784,15.266274750200402,16.71768890283127,16.452006269975097,1833
15.638108404478835,14.339560153387293,15.234653135536792,15.468556544199403,3248
20.35226669063171,20.487899413992192,19.826919620307866,20.090491725424766,1491
20.316694484732754,19.54019344996691,19.76890356943622,20.066721416376886,2727
19.711030286037694,19.451937617873217,19.60607512644938,20.323702901149375,3686
18.32282619432713,18.469039086290337,17.926724231229827,18.61919433963569,1424
20.67307454694254,21.146904318982273,20.604699171687084,20.995167904047726,4605
22.73178335287017,22.15235690447223,21.502776345252983,22.041548808240808,4595
18.99351967181176,18.343326046106625,17.922231330293663,17.84203110822201,731
19.080270106389136,19.57030017652563,20.43137758923838,19.732656810673515,1231
21.432867145330125,21.25288237389876,20.73419054327007,22.34523556284965,1634
17.721467042679237,17.563643656545032,17.644235697964742,18.165272453931983,3936
19.473227829635384,19.957400139813117,19.973646396478337,19.404691215146826,1210
16.41625506974289,17.05833288022388,16.35433041781706,16.502745415307324,3268
19.276895576753702,18.47381201728854,19.372275599217616,19.73039283582569,1934
16.692461093460555,16.724430324071847,16.696114732042886,17.094149630151826,553
18.65230297010296,18.597208079503073,19.606250060863424,17.649314446688535,491
18.10809496916405,18.447374624138565,18.138988805621782,18.152384430060255,2962
18.96463068953731,19.131654745497222,19.049544893805162,18.18963773033952,2329
17.337346846449933,18.686652667414545,17.70685808867859,19.044815466738996,2195
21.370371612745963,21.245075171190642,21.890194012164017,21.503421826702287,3064
20.234026436434455,21.061883687105425,21.780461303718088,20.902623257556176,657
20.35623538180906,20.19655422301168,20.131958905173395,20.357571106777474,2374
18.7426330384512,19.832013361861833,19.045222216870194,19.474968544020932,2225
16.693519161087323,16.129872898319626,17.54640560195086,16.972710433905334,4264
20.766305888288258,20.827549794361726,20.2711623912813,20.120973240576873,1170
14.582669189622008,15.618808450829848,15.582223293194547,15.904322028829519,132
20.018146331201905,20.172085006821604,19.76037150266026,19.608081052485883,471
18.732421561044603,19.86729211229559,18.99750170492993,19.028112823452904,3225
18.78496297777161,18.797414234467436,19.40317601265667,19.76873930952389,1405
22.04344144425961,21.250468819036133,21.830314515477347,21.789869926594506,2876
15.528394333269425,16.21961101470632,15.267352021897382,15.024517024475365,4504
22.297188414090446,23.775013976103864,21.69632962089091,22.313819126682183,4692
20.311756776968295,19.386925733242446,19.02195305544888,19.85529564733701,2826
15.229825548457363,15.62081457275001,14.627698209683665,15.470824579831593,287
18.179479045321294,18.16530359686104,17.769795198488147,18.10908844458236,1869
19.98610215875277,20.0709514930408,22.460482183642142,20.674350843957928,3114
16.960075534602208,17.38891361609602,17.464778646744026,17.5988309011046,3625
14.525895493100258,15.772142314777982,15.189098371660123,14.725554917201258,2312
18.474904679961284,18.898153343959628,18.835386984214644,18.56480019238434,4923
19.49625460002133,20.089873281862445,20.155008534616567,19.99119179530628,1618
19.936013623873816,18.954790893124088,19.518909718198184,18.7982217150313,994
19.542150585873113,19.533177119608624,19.5880998407595,19.389728972726488,1803
19.82141496558236,20.02952583487159,20.033333829986706,18.698942588415427,2642
16.5129314749896,16.362428229836695,15.464004434539357,15.435335839835968,4802
19.127182278112933,18.324455404863794,17.88635201977209,18.453227688029703,3535
15.673738960391015,16.197499814267736,15.663677436919542,16.12440767534514,4831
18.026293735765588,17.566628751837683,17.810189148182502,18.08675280975915,3911
20.8251424003363,19.916611078539173,19.65428422283516,20.324857288125042,2107
19.35304367473396,19.656223723432504,20.253868064223933,20.571228742980164,3044
17.72403401429675,17.560116596160338,18.050234570493334,17.491525577746337,416
14.628041427891562,14.678199395044786,15.7545534261331,14.656492531804245,977
16.870413228188372,16.996945128528363,17.405584745428193,17.921035296661458,2417
21.299867571569393,21.393444790832895,20.722433601436236,21.30672052179757,505
21.471355302650203,21.185163395657376,21.580166833178748,20.92106123612095,4152
14.508062760557737,15.368040158360746,14.81242126588719,15.966843215091787,4255
19.08886754641816,19.38442801151951,20.57383278455157,19.789011285658045,3941
17.21112312824322,17.24399058530514,16.932098995545847,17.5545995252176,414
16.405682028936024,15.651356612294286,17.34822062531505,16.90278760553592,4148
16.747232662144096,16.320557606105186,15.522604988191528,15.687680124008638,1183
21.749300481637803,21.95641682965023,22.66292057370497,22.52440627815619,485
18.825949918419063,18.552538480829718,17.752431976908866,18.785635081045406,893
17.21816037141666,17.578040850060805,17.201595090856465,17.81064700671908,805
19.158881596486566,19.284014162344864,18.93233203134361,19.580756285960994,555
20.07000447858014,20.25350546122037,21.271622662834304,20.65891521087724,3825
19.494486301325193,19.462597556193288,19.222479078861664,19.467631073342872,1197
21.753301115769755,21.172061563480337,22.055329674708613,21.084433943002896,4253
17.431050060917077,18.227337673321927,17.200851523574645,18.233940144024942,4058
14.649270500884118,15.74464501763896,14.264676782800382,13.897100742659193,1293
19.34721353107554,18.35466932177376,19.90293982464099,19.21962900049761,2221
19.91233160067959,20.01937896804736,20.568432808663,20.500942124786846,3504
17.26069708587575,17.272565389905985,17.868320342345054,17.301065725300223,3654
19.874911378218016,19.69517910819523,19.65403962683693,18.880068120297892,4758
17.57764934230065,18.054566633103406,18.140442498679292,18.053591627068524,3006
15.277749343093554,16.355334020954682,15.572497976588846,15.17684070533593,2093
20.82480395907099,21.016224810934673,20.244547034935295,20.286083970749907,2187
13.786769891485182,13.76658610026577,13.901325015153136,14.227829702448737,3036
19.043664277330862,18.30621467428821,18.80066818004154,18.554370899884354,3918
19.96738988017538,19.637239614675057,18.768853056208478,18.618597029105796,1272
16.0956362398195,16.90601772575014,16.061355445712667,16.153447326125452,290
19.558112127748316,18.91000220362722,19.650158135263393,19.47515893971382,4827
21.82261457853105,21.63882470852809,21.905835584842148,21.878779657309916,252
19.72394518278282,19.244287509705604,20.450920710820487,19.047194132587673,3245
20.34001407911408,21.222060910845688,21.766113624253666,22.15619809845953,350
19.28816680230733,18.848489040594597,19.341199217627754,19.52977808229237,1187
22.979828180176497,22.102550662443335,21.49245206441365,21.939125878760773,1961
16.97523124008056,17.02437879237337,16.809282759981286,16.264466025877667,422
15.806660998099662,16.296078970848583,15.820436653654523,16.234048803963358,90
18.458003285404104,17.917539167403735,16.531527972238724,17.841619923552148,3729
20.904777576385314,21.124814446559917,21.800625352980266,21.200128951449496,2236
16.92864406609615,17.155163974307637,16.658512465717834,17.079512618509412,670
20.206887819310495,19.90608088808002,20.082029641589244,19.851032027165214,3040
16.616564021858434,16.046773104258698,16.64993026554715,16.530170334099456,26
17.05943675224017,17.773653689711452,18.566190266212132,17.977705818410303,429
16.57098161332704,16.335132271820136,14.892630870428432,15.845607681829971,683
19.98395922834837,19.954611194842066,19.711915099205516,20.361872742328625,4463
16.369329235987507,16.491097249466087,16.40541347954685,16.897502445023648,3945
16.992300547241726,16.658505344332685,16.420629925347185,17.420735312754836,3523
16.311582955654238,15.911928520097549,15.503280451634053,15.484172027438065,1541
18.93143694045875,18.304135320482036,18.20924452423416,17.997795848396155,2031
18.654413684136713,18.51451198697613,19.22563992884511,18.552249854522607,2232
18.282971831628604,18.529928403032905,18.61987342499681,18.591919607441675,4120
19.6154217205007,19.743626596869614,18.439142776598064,18.17136779160244,3235
18.444167907038107,18.709803286116294,20.174141384853627,18.159277773856573,254
17.649629714422268,17.960818893724635,17.5664578692227,17.143629479481337,1029
15.281820045054582,16.26413839920291,15.362381395286816,15.840731817058751,4392
17.902473808065157,18.91121983656278,18.616071983402666,19.289212425756137,3800
20.83741727139234,20.63148791351804,21.813129535628065,20.947372387714598,4310
19.50660778757008,19.340613698909166,20.323300028772746,20.350002385074937,2509
20.149981016681966,21.177179704272604,20.11803082370019,20.470848608989975,2292
18.758136318614312,17.911975823462978,19.026285531615436,17.326159735791883,1323
15.289018510216595,14.255423509677037,14.708073365338107,14.80231244636329,1550
19.698417790276977,19.52251225765727,20.73377263471433,20.55692248625253,4647
20.61205848427592,20.701439792498874,20.812094099818683,20.456106413234366,315
19.50989059091527,19.328544397643526,19.51604552087497,19.42054009933178,1242
17.250786834794457,16.946561711277536,17.31677566581723,17.456431045694096,2450
17.972228572172188,18.011031485678426,18.847905760643272,18.878794155070846,1578
13.65841078559684,14.591576710302412,13.630390088103022,14.8400662947869,4625
16.37733782742465,15.83609752111439,17.812951617636084,16.60103080526582,3116
20.340755756682956,20.529091964662925,18.72411399484296,21.007697305043347,69
14.425519118394984,15.846514062675094,15.81546500869248,15.207921351487379,859
19.3115640391095,20.16040581363071,19.674739565813173,19.89598745773545,2753
17.466807879368417,17.948928399715385,17.863899997123426,17.47338635666974,1632
18.316309702341595,18.355742414281263,19.261163169776292,18.316885070185887,1650
19.373171737910855,18.754137483697807,19.180740125840394,18.632273606420796,3860
16.641162516481174,16.74891873028875,17.79507913435131,16.7346500331781,3106
18.192777896201477,17.929360205077256,17.748645971219116,18.727054296861173,1074
16.863668419064346,16.862853103023046,17.317798405169725,17.25494961520503,4001
14.930128905489132,14.195552670235115,14.351471480905161,14.84042066353084,787
18.49096622918497,18.717177983839772,19.124775599363307,19.10140951056937,2605
19.465521585544334,18.891934393028592,19.761194110291235,19.482837656386938,3630
19.712568972040717,20.44173558664107,20.90497601256136,19.638190869244102,2121
22.168350868966037,23.21465889739815,22.354931534084603,22.411407515338784,1874
20.877456514260444,20.937600131004146,20.777915715093723,21.07659951033822,811
18.27449675329555,17.38336674881011,17.531674130389717,17.62890516777433,387
21.91063412427245,20.717375407160727,21.377540743280953,21.889800552543406,2882
19.15155903127502,18.948521978979358,18.77662434861605,19.6151566014595,1175
18.34734030293113,19.21590473160463,19.423505252265137,18.765780067098593,3197
16.670354064341083,16.40815411425873,17.300688086748252,17.575270382117946,2623
17.33871679555184,17.589277823960852,16.971197875182263,17.35044383415833,1351
17.526757706193095,17.042479094517805,17.180921174589187,17.71457527425053,410
14.336189444840727,15.307132892548507,15.908060761250153,15.367651274219813,4212
18.025494756413664,18.661251810686043,17.45030473361045,18.41575650496774,109
14.296125223004147,15.689551874546591,14.361640365044375,13.77426148058278,4995
19.574118623543757,20.57057812561598,19.196651350861995,20.19351178558176,3429
16.64738780923127,17.39691534844526,17.224020025167857,17.007145354982292,2809
15.340299221571716,16.745554365727518,16.411633087570806,16.725609594799362,2594
16.149179183595187,15.567503413236702,16.92074491765598,16.441158426654443,2836
20.014660321583364,20.673637585017865,18.964243564003954,20.059104752527144,2372
20.69447240139541,20.24880515141065,20.57866194036343,20.13922529413751,1235
18.467612396362608,18.39091217562054,17.661063454367582,18.445768584775053,2146
19.73791125751391,19.74617797721893,19.80834260615166,19.30736304618967,4975
17.711001958345324,17.936071624567155,17.853033322868104,17.7371314496283,599
16.2969134078161,16.05222274497876,15.554017447715557,16.570247281631683,1434
17.839502382523445,18.20906860687501,18.40042657897616,17.940042631670227,4996
14.932412615658931,15.804396302968547,15.606105986748481,15.53004656125938,538
18.628491333385565,17.88317336245219,18.5309441804366,17.806929107576334,721
20.189566717024366,20.343168087288287,20.15581268447642,20.304715115777704,4410
19.391635531397174,19.51184391031368,19.174762582300044,19.67995360784512,1872
19.240398521454278,19.20316777125687,19.720182762685027,19.517128108374266,2845
20.815189022136924,21.054124200981406,21.004892938562467,20.744474943771078,2053
15.463581345163968,15.65746388070313,14.819853641521675,15.027454645655116,2907
17.685491620173355,17.372017516880483,17.37712185773245,17.122389493363382,2254
18.055769655858164,17.91118750233782,16.569899326267088,17.405869845991653,3912
16.285155404802087,16.880868897242873,16.493178606683703,16.178341726651624,177
22.049693623855557,21.838635574312136,22.936139227458305,22.025832668601506,2890
17.496149804570464,17.583068844765116,18.16344865205895,17.780957409453755,3673
19.109324981927692,18.990706635310893,18.149696463191177,19.67527908485492,80
14.741374687898109,14.818392938639688,15.469777871476179,14.990612312714891,2561
19.411335783625386,18.39639479094576,17.88559637405309,19.084285479424725,1723
20.50806506890868,21.32494450846624,20.311679664253372,20.973658306875535,1617
17.231672956136926,16.998678539459526,16.905645446423083,17.607781225714287,1654
13.734218129084043,13.546881166483582,13.93453511514939,14.008956250725102,2328
20.75582952968115,20.942421828142816,20.679768326208876,19.611269800234325,4613
19.351869262389425,19.081784493151375,19.469144169819913,19.017462316735788,221
20.495661184499816,19.84724694650236,20.3550048194457,20.711450242286528,93
15.03129076014046,15.47522092021138,14.94096179775882,14.743837550613694,2609
19.031801922197612,19.745959260696228,18.959330678018816,19.114877537101446,3382
19.911561823837342,19.961759531579926,20.54700494781907,20.33665172183982,4415
20.61563024719611,20.945940604927422,20.933980786274223,20.048577466108085,1397
22.032097897727922,22.329457304358762,22.600080188441574,23.082511462939664,4686
17.209820901396483,17.140590704911475,17.616210548684244,17.556800949342616,1292
14.058564515189632,14.289306983514221,15.028169247740875,12.929128954178832,2164
17.00214426562438,16.54338684722335,17.170182790331253,16.99327419500871,2939
18.7758529649562,19.054758018743904,18.565229619840423,19.442320563917285,3668
16.285862142235338,16.22915614795323,15.629162635454831,16.519675590535083,812
18.727744715184887,18.539328679423804,19.011704520728316,18.13524622876689,1258
17.573435409736692,17.148668324081452,16.55024755460446,16.99849192503647,889
18.56259545683716,18.327549735586036,18.44986206679333,18.32794171502383,1451
20.481589639322575,20.48342103471525,20.828977841596664,20.410715110312697,3316
21.973103092152627,21.697013332885987,22.14402881625239,21.10476313196443,2559
19.251311185716883,18.871955484605003,18.284223605075407,18.73523648410419,3574
16.095092711466183,17.04129568761644,17.12804441138345,16.95456080125371,2680
18.668735390023247,18.262761558524097,18.970384429306257,19.171117485759748,4651
16.73176125869402,17.230470467793022,16.27276267571681,16.92486322896452,4811
19.019080096876394,18.853506796166556,18.857501257322788,18.2719304928146,4679
22.276354370840362,21.319599428545025,22.729837935417592,21.451218992279724,2964
20.896719042452247,20.41233363776448,21.18289002195463,21.153187064492137,2672
17.770882985394895,17.392585484277262,18.156972648963723,17.73356911476826,561
18.88615430870983,19.587763818456963,19.89750152448774,19.643882646323217,2778
20.853252150945472,21.161072062620732,20.43108285872597,19.618252778828165,2948
15.852791299599597,16.511865190586533,15.194526173349931,15.999992385347063,2817
18.745366238491332,18.453262040354275,18.17432636779699,17.81012868780361,2758
17.19823483085297,17.264237589517094,16.32854515938225,17.487467671052762,1756
20.95363884374865,22.35780843692286,22.099459559564075,22.225084186340506,724
18.420970643335778,18.735824325196887,19.26799727682589,17.367748560029483,219
15.253393737523957,15.10081384605058,14.653578900209748,15.331929633747322,4139
16.10652470209554,16.8955154733195,16.458462416097145,17.834727304242577,3957
19.130626065046762,18.898452743614975,19.143641070208012,19.180355706695945,1588
17.99814620815305,17.92266304737366,18.36292896213465,17.545412310189597,3347
16.751022165084393,17.310333530579502,16.87539437866652,17.36332561765777,3970
17.69693843703847,17.041714619998103,17.10066352805977,17.282663320752885,4707
21.451616321408093,21.03900866115152,22.256021186930536,20.90634017121276,43
15.046432268511001,15.800380543184735,15.642510473972598,14.191492797054591,3001
18.52357961774041,19.505920036399097,19.074165635566132,18.98111674049416,210
17.988572580166966,17.659394959625487,17.833506976573734,17.54764443540382,677
21.329831648985976,20.82254549306183,21.42406477280247,20.94269075509408,354
18.150363543223563,17.296006399632347,17.874139669482282,17.35913881565575,1433
19.273357654010596,19.11092582573566,18.575510861179648,19.135350060013636,949
17.33718263367985,16.594844182838777,16.702847022364647,16.555488405098558,2843
21.440293895434333,20.996022140097008,22.212528795049412,21.68695018068061,577
20.262604674006035,19.90535308420008,19.27360823874979,20.160203549679025,3928
19.805089885265605,19.528991595804527,18.55532946611709,19.111404044962303,544
20.71141595557094,21.380776254667822,20.8858909379194,20.30361070208779,367
19.088475733874073,19.126522857061012,20.307748069729993,19.971110150225133,1612
16.09732204295731,15.46090099952067,14.772491609999506,14.514029331276534,3550
16.208681890183296,16.39919575881631,16.083598577078735,16.14583199788534,3716
16.990700045920484,16.49169875020008,15.986372311728367,16.203119418838313,3779
20.884810272758603,21.003570880706704,20.46252850446787,19.769298432729933,135
20.72152888796066,21.841446139946093,20.859638078324597,21.131880194781793,4480
15.225208731111275,15.9234630597542,15.952681849971803,15.471058136745189,1437
18.552654879735776,20.089240523395496,19.950200651809052,19.384101689889448,47
19.056430625154018,18.75695230626513,18.768475981094767,18.325926023878445,1360
20.13810243935051,19.361118939951666,18.59635734910566,19.640146337465275,734
18.617668957654665,18.573116015410847,16.893953416391,18.822475504342094,1534
16.95736570185073,16.32268484866997,16.25802184071837,16.264583789933734,2004
17.563864529170864,17.754909966104275,17.158982911848014,17.15177110176545,3795
17.647983333459916,18.30683133461611,17.879631715858967,17.68533510583155,2519
21.21360105265896,22.08665286046746,21.049100972843267,21.08981637550015,1972
19.802940017772393,18.006233955458715,18.86723652853501,18.436299547500713,996
17.762919275582938,18.70223934244603,18.01620727800334,18.392315087935373,61
19.966565435257664,19.90057523340655,21.583039788482843,20.66497533173068,1108
15.82667306258477,16.272384257024342,15.915474647054271,16.251743091594047,2405
21.936069640426975,22.07924085045277,21.693438594760117,21.767469847084755,95
16.776712462666648,17.244439776464468,17.081800494533415,17.59174845262002,478
18.157868810928232,18.143804586456532,18.077333046642845,18.605204977767904,4359
19.407104715298654,19.48849903141286,18.73820100719429,18.918255178047332,4112
17.756482323847987,17.924538947283576,17.769813538905034,16.782882289453337,3707
21.099186445552906,20.55349899385937,20.517828668784578,20.2347296887212,1101
20.92437491526552,20.30371920061806,22.01460751801962,21.287493339285266,2746
18.852571954971857,18.863997933774634,19.042009970659027,18.69282869360367,2170
19.492366941073083,21.005731626255386,21.040597208433468,20.34274858371924,322
19.99961170346277,20.12986513612863,20.848826120795916,20.44536847361237,4254
17.283395482090928,17.649863329053545,17.923416771579333,18.40831460783159,3142
17.345017838698393,16.743911773370485,17.93282926884006,17.239796555703624,3537
21.012515375859184,21.027944515743243,21.820272993206284,21.723656854789347,4925
17.058718524888835,16.337166631784843,16.656365288284498,17.66594353444783,2924
20.727422603332176,21.11321858738194,21.147618355855386,21.311258287724502,1149
17.945435853308048,17.311666476431466,17.61691279058358,17.292705929849728,3617
17.094283745431827,17.419874898616463,16.198781379086096,16.893638772317455,291
20.918206797991285,19.450683277120778,19.788517241532976,20.22490763030229,3749
16.73040113804876,17.202288734876824,17.871707190101954,17.468045998237315,3586
14.247397864508395,15.13886773346133,15.112470314339946,14.557499351578592,533
21.406982383919864,20.13792294927089,20.574832423402135,20.418802387516955,3607
15.750027289254541,15.535011360040212,13.79632705490489,15.588130257015884,2648
18.35836754523249,18.008625094369915,18.51589824655032,19.285593996420808,4810
16.444060866166225,16.949282004077883,17.144556874376054,16.978842857861014,1983
21.339678621543015,21.143761924231313,21.46100255762807,20.930827574234513,2932
17.313854312581995,17.937594214783932,18.234344079201747,17.728615371297757,1536
17.469139411205173,17.87754212577654,18.285561433395607,16.391206106322958,4534
16.264136200395427,16.6519459110532,16.164402341405605,15.300870935730922,4172
20.67339487662865,20.72772804878052,21.484191342843065,20.697713738716544,3360
17.475590569240424,16.720242773022466,17.463517670510356,17.222602148481347,3665
16.16085739825134,15.324518626140007,16.151049298287976,17.009668785240457,4005
21.267365604786857,21.679960099777276,21.13869788448278,22.127097660855316,3626
17.66691159719082,17.5474100131173,17.27694119730052,17.497235680824925,586
19.65908324443075,18.954648454516644,18.7738203493929,18.601568618405686,3256
16.4136364849392,15.601043318835035,16.302173515718913,15.870217148955774,2298
16.953976472725465,17.303678165441887,16.93669690572895,17.433372652104033,3988
20.398743928501723,20.033941291802602,20.20381287520412,19.641953071258612,584
19.00799092787173,18.87643097930755,19.025212647452562,19.164784767024866,2423
17.02491093729589,17.42803224520229,17.016185721582897,16.046838010688084,1391
19.26545079258002,19.29631918548803,18.33690877775026,19.50378058674839,4525
18.8734029438519,18.217070831761077,18.176354726228954,17.88200302311374,4920
17.323080256499985,17.708539314349096,17.40693181795502,17.72546074598294,4800
17.74708877272061,18.1198599422768,17.088471947772987,17.635618820863247,3240
18.30604487442273,18.05895954215228,18.77031218695163,18.478938538513432,4281
14.959140459758403,15.188916982425392,15.279908507325883,16.185354117963676,3338
18.268160124830107,18.166440323095184,17.842187369870768,17.79869127291648,3220
19.664092679777628,17.902067275383164,19.778017762852937,19.22140671976544,2111
17.10356658373335,17.08990970343881,16.550977992859952,17.285029758484317,1174
14.20964149479904,14.169365459145475,14.649656761942424,13.611595617367481,4862
20.127647329390538,20.317081094137148,20.337599627476813,20.039036844658582,3811
17.110511321527564,16.77065056850053,15.681028386609858,16.986730505350394,1867
17.422075119094323,18.30886033561295,18.358384379441908,18.539057720934146,2614
17.097676327174828,17.767416598340585,17.456290928088066,17.580716454020024,3866
18.439617297396854,19.234127460339632,19.046322614998203,19.442091661272446,4885
17.74388685102199,17.695182086109458,17.375865648865283,17.71840689115161,3778
18.444484844366745,18.293412782104923,18.296550050125003,19.286197613750513,3846
17.020508412839714,16.85587846366008,16.534062390151767,17.4378748358795,2416
19.157419278950478,17.968912678326344,18.858001225550105,18.523832641047562,70
17.579383147856213,17.641825969168497,18.13727637899204,17.654644467870725,4880
20.66233364158748,20.335132509432253,20.734181902387878,19.614040365232928,1126
18.956503527333556,19.322073953023512,18.560480775742864,19.794052675074536,4024
19.63017137527729,19.695615545730618,20.23208078288652,20.323260304061495,3250
18.18073977738677,18.557167227185506,17.908633704974406,17.243878795973966,3901
18.959103778249865,19.246816473314826,19.577409221082206,19.29923673374814,1095
13.71760354584054,13.808955648220001,14.68840212623134,14.887264048504676,4545
19.127324975038974,18.299434522058725,19.021612488842415,18.208822380207156,1212
14.71332659396598,16.068228101332643,15.804945973126946,14.348285113356182,3921
17.90703893973865,18.86760015088415,19.049145647554088,17.771094075404186,1425
14.598070852531913,15.79552445687583,15.872625039694455,15.552336994501909,3066
17.788029509382355,18.436632668400538,17.657133813319795,17.440400282602514,4519
20.854916194103374,20.047779819321228,20.984003996055755,21.898381799438507,2100
17.760108912975863,18.300481392750214,17.888224499093504,17.588483965892877,807
17.040472515536674,16.881532651515514,16.029499988532034,16.548493425459473,4743
20.90223474376204,20.132755405757308,19.876994427132438,19.922054263640604,3750
14.557710146699563,15.689734145869554,14.829121745404935,14.543913029266838,1362
16.60096656309323,16.337825186315815,17.386362930415817,17.957684477267154,2317
14.869233079885209,15.450750037468268,16.0812118469265,15.848675707543459,4581
18.71621655493059,19.2582323493184,19.20228288062443,19.016725084544632,4741
19.43873842966731,19.573062627830133,20.469128221117423,19.83651191547925,1025
16.038682542930914,16.394948908666304,15.87289295532416,15.656252402930157,3109
20.802064601894486,21.303856710695808,21.586788750035048,19.957882655092888,2110
23.345884527480933,22.843037191724626,22.671781801137328,24.141841771351043,1041
19.158099296524796,18.851653488449045,19.0356062105076,18.65251093218139,1876
16.657981977935073,16.40207629201568,15.874364176433085,15.67383397538662,881
17.971138978659006,17.154127503998776,16.919918153377967,16.83038837050054,4299
17.50376819058311,17.288751659596947,17.411411663943092,18.048230312841696,1192
18.855940779829954,18.71229565316663,18.740606144904135,18.8077630324836,4587
18.988096847768194,18.796984383617186,19.56625895250512,19.467685499216394,4510
17.87571686391829,18.468100072491577,18.350796701257288,18.75831365872105,3670
14.34937300560846,14.219249802323473,14.20144918845678,14.82514370287518,624
19.591998815497664,19.203674624384362,18.80245809110896,18.98938035028985,2796
18.442268813045658,18.30296797208414,18.231747760025875,18.083709650950617,4291
17.494934902203035,17.72500159312926,17.959439038411432,17.778999891822274,4968
15.825694014343926,16.3248418723164,15.078146884739558,16.068138617443736,233
17.598920939991974,16.740418905501816,16.92810682861113,17.434443318410416,4566
18.26387658968813,18.649938166792207,19.151544087227318,17.911274626845486,1662
15.228941196669709,15.508616305893382,15.090782206998565,15.295356016453907,415
17.197137220232918,17.191690989072793,16.011544906222024,16.280859096880747,4246
19.60298621650397,19.386836395969127,19.218796925585064,18.793212988289426,2173
16.411790084864066,16.85430265664162,16.060848780065314,17.601945499530185,1456
17.652281314446558,17.594373891530683,17.498337056733277,17.086918241205577,746
19.1014787636234,18.22846459007234,19.058896946816233,19.12895390430318,17
16.801045241560807,17.21846272973266,16.56562976645836,16.887483987246647,1200
17.75576347631734,17.188606924928425,18.076622535881608,18.09889869841744,1699
20.051968253988967,19.863638247739956,19.800083453627106,19.549851323767854,3253
19.86076775683126,20.375862917929233,19.663605147236318,19.87999828876845,596
19.845215805239008,18.625892666114837,19.068000612067273,19.415298129358206,3226
19.49503476997571,18.604511682136504,18.910039068095305,18.52313243970491,4405
18.251120853745135,18.09004982937466,17.539476223209526,17.592249508400727,4719
16.601453693645887,16.175075530589403,16.78616554726337,17.58067467804259,1505
17.938814341441272,17.549026089027404,18.979989363361042,17.88517094827622,1412
20.61781975840566,21.162396474506696,21.085906859167906,21.234822078118842,1965
20.266252593982433,20.42373532595714,19.896908668123068,19.90288584398782,371
16.65014644127059,16.66294359846903,17.371749044543858,18.251995964509444,1340
18.02482619782869,17.935915894584138,18.002703660923107,17.434493395746244,598
19.559084442581298,19.391767059941273,19.3213347367457,19.503959854338838,238
22.300290972236386,21.39220832836687,21.17862288306925,21.862416694724438,3400
16.68039421870655,17.068341148395756,16.05810824510251,16.073491542180253,2067
19.469102263797517,19.014136280610884,18.875167480650173,17.730099671410297,810
20.920019346169155,19.727643354477316,20.423444431648125,20.087470537292248,1094
21.26456245556691,21.320734758211337,21.039397353548953,20.891303958327182,4324
13.517002349495993,14.553327861281781,14.339598574084393,15.085198018224224,4760
17.53677886964523,17.053904112286542,16.625917913916368,16.707334013548135,3676
22.7952052429016,22.96822638896284,22.740570062606654,22.917976242591607,3464
18.438614613528944,18.50488869412766,18.832628060334137,19.389565474674917,3103
19.019465187047572,19.251812300274413,18.683545518118127,19.036630809033728,2749
20.878957291582974,20.485252044198063,20.1524540207471,21.127782448270747,2295
17.094643287674057,17.86402093275891,18.03612981588338,18.026684637846213,4192
18.028686605120626,18.19444510639152,18.734586203524263,18.45732505626151,3708
16.867512376434057,17.71358763203218,17.737014988390357,17.18572944101047,3018
15.783350711266019,16.767018286255542,16.003778102962272,16.01943715467685,4252
19.677310614314166,20.335294517404954,20.578014208708833,19.98447335249659,803
16.52267401097514,16.43038442056684,15.846108390803726,17.307385290616136,4190
21.20752432743742,20.21704932685303,20.85205574518131,20.264377257337618,3705
15.734265151371124,15.798831394266251,14.67179093199921,16.06196658312161,751
17.56016780964415,18.468415275425798,17.73704423712935,17.49443799090848,4644
17.738358694154904,18.243410783510832,17.196617047758924,17.50606709588833,2531
15.218483396231802,15.342294534513645,15.621426303017975,15.497055357030693,621
19.714533273708692,19.680449400299842,19.7405196991271,19.472924060872348,2297
14.169772441663593,14.664999631635729,13.780106142027025,13.030720868045762,3828
19.022732326832596,18.65164972204374,18.967979428053408,18.570494451935357,566
19.57034580503632,18.018882538026592,19.79881202415558,18.51627216025919,1135
18.88194497834977,19.372387133387715,19.265757825301588,18.87060281665398,1204
16.867316739549125,16.34826593648055,16.80027775694361,17.06657656988125,1047
17.148575709184232,17.972473391141317,17.404701583505037,17.875283712323967,51
17.990566793489045,17.86747592816477,18.165248521559697,18.20167924612914,3651
19.81287094721946,19.56717167046115,19.136808014444334,19.213274283929927,1044
20.464359820264427,19.669035356402034,21.29453975804253,20.7495846180065,2181
19.485857706873052,18.591693370563,19.079417954101444,19.354629743131614,2688
17.258666675304095,17.13817394098702,16.28216648086594,15.928642679195656,534
17.12181798367998,17.06795687409169,16.532932589520097,17.77224422216108,3184
19.7238902122208,19.41674903372201,19.8778082033925,19.420763940805706,3857
16.932134322130413,17.80388006041234,16.942519531995146,17.98227834329967,443
18.85849483352436,19.7518110178893,19.030545058844154,19.51930986486111,3604
17.440318916702203,16.956764494806727,16.964668658376567,17.862134390198918,195
17.058786597496844,18.186945152981725,18.093966347670325,18.283842190076463,1115
18.05359644915679,18.40381177774628,17.405598136344807,17.872731889876157,765
18.21188222169407,17.815689893543745,17.10635063567774,17.394460348960145,1945
18.77181094514185,18.95640957250158,19.35402323796311,19.594122511736817,3247
20.153953020873995,19.83005479212005,20.659983279622494,20.540609718336192,3002
15.124911856902633,15.028324837566283,15.258381728760764,16.246412517728704,1432
21.42863518657902,20.717024516939073,22.31341532188649,21.156895236700812,4200
18.247585895685393,19.15607006234367,18.750610507429148,18.38157813355944,3095
20.66401587119926,20.804755478238793,21.24330218593751,21.239840857962044,2922
17.810256233177117,18.350961222036453,18.091649826378692,18.037626433021412,644
20.240582098814176,20.329666565418616,21.17844516339368,20.047658917093987,1049
17.778778650436706,18.092651810651645,18.409057608614113,18.02072391015933,3745
20.228655300041815,20.45348476918213,20.7683542711859,21.044352598717495,4093
17.126386485429165,16.26348961935923,17.182935651285057,17.95125960309605,4403
18.268446200922096,17.915537766211767,18.143273112942488,18.073047557110623,120
21.032456796022743,20.095834252986467,20.53376538857039,19.969019293663614,2052
18.192848986632885,18.83693834398001,19.349345068472655,17.987783708278485,4258
19.62489170682068,19.799590324693703,20.23409659112458,19.18204906352823,4888
16.054030763976233,16.0575077156236,16.703284261476384,16.373472529940507,4334
20.94509460328191,19.945234087566472,20.34800503617273,20.150501716614716,4691
16.592124046364148,16.791872560536362,16.02244950272955,17.4267389003169,134
18.382709096988066,19.26713526371162,18.711835054915365,18.055044753743267,2460
21.610150716610402,21.76129097516273,22.386876120902212,21.4972807583427,1954
16.45586895297419,16.690586454608557,16.80391339966886,17.204364541919748,2463
20.210097545665388,19.76389354807887,21.106486204807975,20.599112824012828,184
17.670204032500177,17.382452284842465,17.83835395293331,17.896948230485602,1392
22.233404468848924,22.350052262035724,23.516161647209,21.84391921111925,2276
17.865133233508892,18.32667472112231,18.040814243912447,17.77971982208108,511
16.983601604082274,16.23764494954458,16.312080326662265,16.88976328854855,4729
18.758552533730374,18.71070293312109,18.839132347781256,17.75455681388205,4054
19.055172199455487,19.69123022430839,19.76404736203129,20.172837150949416,3137
21.53671207894966,21.041494009527604,21.35803000124581,20.54417709130412,2669
16.594004286547264,18.011371840691027,18.758207536989275,17.626684098018846,4773
20.656438812584632,21.622212790102157,20.832796161639315,20.735243711862655,4861
20.144856182613626,19.47894547450378,19.193978633485983,18.95855606754542,2117
18.770164247522565,18.87826198373991,18.72098272350821,18.427085164242133,251
17.992389028315817,17.136002436534426,17.00656176012259,16.82515486265074,3526
19.464022129586787,19.55717899987677,19.260869198451307,19.438490049276773,3559
18.744060176934916,18.6888876086871,18.922512462342713,18.838984691986482,4011
14.771154562196264,15.168427985619546,15.111567771594139,15.145842323010793,1507
19.472556610952847,18.727763608499753,19.23750511033419,19.17435484531595,122
19.933331864980047,19.832859021472505,19.460465048507523,18.87966173617737,4259
21.02180198768173,21.00599217914594,21.454066383032828,21.205949419839158,3333
19.46675606991064,18.00805020107867,19.450399709761644,18.85301002708119,1871
21.43204594359684,21.136314555807253,20.85884564344264,21.197437104916144,3692
17.292946543361662,17.03632821313143,16.230918743118455,15.969533652853077,567
19.15550358839511,18.759957711818114,19.10492438333891,19.489395090703983,1371
19.538218198124248,19.1713942414279,18.733203090541785,19.348406345106046,3185
18.63815226901634,19.461104443815103,19.95871010775279,19.418860304068303,3955
20.862241035946475,20.16302258046083,20.927384182360974,19.974175799422856,1056
18.868183716567383,18.771999392436253,20.03132468197571,18.967083765835092,856
18.80188175134072,19.701058382249055,19.327324516477166,19.39976054524624,3838
16.73082812169979,16.244445920510042,16.868395897394056,16.502632949348502,2860
18.267049404388725,19.05808789375556,18.84959490996629,18.488598187021832,4769
16.238056658304984,16.979073116084802,16.767328883926996,16.888028094992645,776
17.660173703364332,18.46209728752601,17.181987682434777,18.716677990183822,720
17.007985305171644,18.213914564219102,16.236286154413534,17.30136673341568,2710
14.38219433275138,14.400470110337974,13.687772262944234,15.300024177079429,2654
17.94606674653423,18.28291990944947,18.026046873758684,18.137329585450903,4877
20.516521315776615,21.615223062981517,20.3843076627874,20.339406219084427,602
17.76310582830333,19.07865341438585,18.180881185129948,19.016776239926955,3822
20.83026331876251,20.405462104714296,20.60626841634697,20.301587143994933,1244
15.780294471937836,15.826811362924655,15.684931011538131,15.093802192572024,4845
16.517874541139516,16.535405728993652,16.24667455143149,15.631510848271034,4841
19.53211080688509,19.90651197114858,20.526958555236153,19.571015014173085,318
16.953621095622154,17.186188438600865,17.878888028502544,17.258198805132935,828
21.191648500185867,21.34453077460262,21.82863680375051,20.93566992608821,3263
18.570854793377567,17.682428816879142,18.06352721546923,17.904203759224075,274
16.758303374907523,17.28152178603458,15.919712399574596,16.565845464942704,2664
21.503713350874687,21.87066027026221,22.32046796566122,22.673591144481954,549
18.931307981206427,17.78259919316871,18.092057368305774,17.837846368695867,3641
20.589975156038413,19.876132434664658,20.874506990329106,19.771380608684623,4053
19.218157563397625,19.606953179096205,19.596422587526316,18.915161074911627,4892
20.072272148419607,19.39284266319571,19.002895263086494,18.563665338108994,2934
21.624230401120048,21.050350646395938,21.063478955784884,21.825151800314575,605
19.20717890416794,18.60292296831082,18.436410455941708,18.272146495672203,896
16.520890345767537,17.05620008664132,17.989034740970062,17.994916414464903,527
17.247392413559798,17.776503631606037,16.66944639898665,17.014090585154445,4607
21.88757668920047,21.18278017448673,20.93398639176077,20.853207437231646,2347
15.932857091380129,15.358748857818115,16.265534654432063,16.893653295378265,3439
19.148073182123845,17.917265654958417,18.850603249440557,19.1318499202418,4998
19.52821503912554,19.160193457528322,19.445424900155096,18.896982312704708,4826
20.292157787343257,20.31809913574036,19.786094671344998,19.38267640459712,3922
14.773094146771987,14.53524582824405,14.269562401120764,14.825911052408456,298
19.854501116108043,19.63399682528131,20.68748773894539,19.924872552197098,2119
18.17909348135427,17.997735187439392,18.989973736367165,19.07220852640698,2536
18.19178881412609,18.27179910119741,18.328457511192997,18.98357857304471,4203
20.771268618807994,20.05433841715607,20.618508688590627,20.301940433288568,3254
17.44352951482616,18.019617068377546,18.118655690132343,17.286770372929656,3725
16.947268152919474,17.11951671743875,16.527468641438777,16.740037647883895,1260
16.349410098200647,16.971160267944295,16.17972966837357,16.502086780740086,1558
12.785976704481934,12.84236481170571,12.557766383824683,12.71156314869295,3269
19.750955138031998,19.71692022695007,19.778523427954006,17.827107894057633,4046
18.23500330242462,19.52299338891315,19.77563743238494,20.512795324804497,756
18.482554200222815,19.06506256863259,19.03114785138834,19.20726980390632,1010
18.365352181828317,18.997196621589293,18.84232248251634,18.935616381824424,2794
19.199169717926218,19.78002681239692,19.16297563463456,19.268660190760915,2905
18.514400049433384,17.530914728647307,19.022248694860245,18.527430643475213,1870
19.753280853310645,19.255024148915563,19.6035306207806,18.83970169120517,2229
17.53346749923442,18.19999093524648,17.860602052240054,18.032684589187216,1173
15.61894441138629,15.62657881511074,15.102385039051214,14.488895340524719,1832
18.826155194123622,18.618086030552504,19.017147122473553,19.33837728517648,376
19.51836608949255,18.52744420687273,19.679338677444047,19.58780372868321,3853
16.727524882676423,17.55752404806102,17.363262276193154,17.519304384169914,3616
18.154992047196245,17.868456393713327,17.904776234137618,18.143305943937854,798
18.482560538498657,18.49027058173082,19.382757145600493,18.979618310556543,378
18.657431725677682,19.40589010602296,19.352436699165743,19.059709794596507,1158
20.168953181049638,19.033011933131558,18.669769858581283,20.582867322790094,3819
17.83913098025732,18.395456485359773,18.323893758454084,19.489614837420635,2792
19.431725127170733,19.008469617238884,18.675198098115775,18.382469747950722,2240
18.946466836804408,18.773170497680127,18.889815805381478,18.259039329691014,4035
17.29740906867173,17.51551453554922,17.430701907988407,17.635299920234317,2662
18.062767233988396,18.169811443220645,18.264143158755587,17.832935164086575,4012
20.50976023585302,20.588792416430906,20.973302505009066,20.47802237659922,2957
21.56927681850735,21.7326279535693,21.185069267614296,21.16121486961773,3927
17.462103771504292,16.815794517493956,17.367307053320225,17.638419427630126,1038
17.8615614369413,17.704859015303256,17.10787416755811,17.827595260921026,3259
18.07493809992853,18.406641657263528,18.104425454982184,18.473950365088307,1344
18.75001895393816,18.661103170048726,19.549554519009103,19.107855415001737,2505
17.321453174556037,17.950655244513666,18.024551611062588,18.856406378388687,1721
14.550757084812762,15.396747573174334,14.294034849686286,14.195340858126704,4663
21.851493887723997,21.736561461690357,21.633965636969787,21.387366366752282,175
17.38649341233009,17.86066085346297,17.01524025835036,18.0737359018005,4893
16.70510213365381,16.83815633387254,17.33171344961879,17.085322804890907,1909
17.81570492836703,17.259355166706975,17.52669332632192,17.234143668877845,45
17.75842866345099,19.1016482727005,17.894643351033118,17.834960762207345,3409
15.930647529953953,15.992348985456498,14.883182158440249,16.672474862625474,4674
17.763400631074866,18.23478925519191,18.75511921886571,18.307861806519178,1075
21.264090123081687,19.969525171312224,20.9525337555451,20.76156029871668,2829
20.727829190044957,19.484553530045698,20.09894227712373,20.42325405506431,1504
20.092335646132547,19.035334991950094,19.136956482351028,19.985385041225683,2309
15.551927203828974,14.628433910499226,15.64840933520191,14.624340906831192,1436
18.711068618830733,18.23566932556431,18.462488755788193,18.4206178742305,2418
20.72959304015631,20.22023163207957,21.52544713734551,20.68759519729219,3986
16.331939640981354,17.206253471580013,17.964404859430722,17.096471730889792,3098
19.20840443774968,19.681832249856182,18.626295769878553,18.885607541926795,4588
20.204321365479316,19.56637984477389,19.439612823968528,19.61033294183603,283
19.95403441778485,19.80970072656589,20.90535542631078,19.811219093619357,4918
16.83063219676578,16.474823435290556,15.930728386989008,17.060081723837946,842
17.14088091866701,17.4386448508125,17.753671045092673,17.027322326566868,1513
15.469317436042965,14.93670904699499,15.385257612568928,15.793473920835984,1168
19.94399802672051,19.479228971344554,20.35798612337622,19.983357938873993,1592
17.290338606992854,18.076440760335608,18.122281372566995,18.405387722076874,3460
18.89128769114918,19.45821417195396,19.052641297029137,19.20582444785417,3165
19.291728566669303,18.563355791198795,18.89486450926099,19.326654405035747,2284
17.172295901612078,17.269125540215423,16.592238375487256,16.981432974306497,3575
15.867900894371203,16.413605332543863,15.604407937366851,15.96468055927761,4870
21.07115785355748,20.602038904893675,20.031332654007162,19.95749499472738,2305
19.83116690558657,18.499977024572463,18.840503873681286,18.802481494068456,952
17.836322359676338,17.388680750123896,18.032178069405028,17.04525509523911,4942
20.68430620467495,19.410383174943117,20.433692623843868,19.817683089575823,3053
17.81903838648556,17.839458344269406,18.79384673971079,18.478664156419665,4559
20.713131172131963,20.49792791942374,20.388390313549273,20.063530088037815,2685
18.890395230680976,17.293012454213752,16.55429943796754,17.4170300551336,1489
18.733605093777893,18.67191430061612,18.73285341007695,19.16036137862838,927
17.6474924359013,16.249675278560282,16.635638978842227,16.897084267900762,1209
23.176677161829968,22.66588753160301,22.912352649440376,22.10009169343764,3973
18.0908605343264,18.552717025959552,18.751760969600085,19.638961639785233,3545
15.33601205127931,15.587534503327968,15.96306799542626,15.307867968845436,4361
19.047123800965235,19.453975362851928,19.044585797403514,18.88177800491276,1921
19.239226621533568,18.798508386705752,19.447788743291014,19.11032569183952,351
18.728355182307933,19.025019055329206,18.06987811921794,18.84960785554166,4898
17.41194483450078,17.94812382143319,17.801350209881843,17.89354488798727,3393
19.73394239168098,19.31598491307036,19.474157535384283,18.631327504374063,2721
16.814638519561385,16.884644496525755,16.838570565167178,17.22427563806231,4981
19.695571071256698,19.00142346531939,18.223924606672114,18.869454847440625,718
21.084254712415262,20.0182513247681,19.47215961180128,20.34011763833286,2702
16.910805584527466,14.711739366750457,13.818894800360958,15.064960124211607,2722
18.617452045243414,18.652918683049787,18.985047923076614,18.0977403108481,4561
17.84874274983146,18.278430115830844,18.22308644491029,18.74049385598243,308
14.609827546101426,14.943447982759698,16.017492771507467,13.995620765090692,1675
22.494382150532378,22.278057432291885,22.418887383745037,22.695635720066306,833
18.186017727787597,17.85622947055949,18.649507880194736,18.246188799831994,366
16.867961505706152,18.033769244755593,17.647529150902614,17.540539615170527,4506
19.919467026436745,18.777166245408583,19.394382540392538,18.738203733662342,2078
18.226424604685512,17.919852035668438,18.223808773221474,17.419452556148972,4038
20.177230754388383,18.35179900484885,19.09160546880025,18.713253394553387,4846
19.346777019364037,19.331458879695322,19.473618418692535,19.419572995017873,4479
20.60720453304377,20.397967085308473,20.404887890935644,19.589127037304383,1746
16.210360840661572,16.077187206558804,16.19363807629495,15.01072727215141,19
23.37937296854429,22.56760549609236,21.859719889609064,21.696440803986032,1322
19.91562522202479,20.6112031498728,20.634936872637923,20.327977296055124,3567
16.54952093630922,16.02067498506324,16.996036701200115,17.204535359199696,2521
21.35168794593091,21.16830057270584,20.677507242486545,21.43988737423019,218
20.29460910349672,19.824460364281293,20.319612202251744,19.605783552392655,1487
21.1698335479431,21.84256386191332,22.164305355849354,22.086052296268857,438
20.141873018881917,19.567843983397488,19.27457910794816,20.19225670353198,4174
20.206649188209852,19.887739507590265,21.011272793495877,21.282297961908007,2750
22.107300471606287,21.82654599843129,21.941697340550313,21.595914871166155,3288
19.389115857292968,19.677854924268907,20.432713450179257,19.458215948008334,3433
19.976954638077014,19.084746249469035,18.84789275521428,19.42248215078251,2525
20.35666346999018,18.70116562865016,20.115817644562206,19.563915722635734,4650
20.056947937131564,19.847235893438082,20.178496651009553,19.8122801249862,3688
17.78708740143826,18.06381530180859,18.48346204332695,17.82775109337065,2763
18.427086438659277,17.88690514726851,18.065489088192248,19.14955094113048,802
18.800371479085197,18.946116835391848,18.220365218161916,18.885734710600797,2997
17.99065981460578,18.979522168288145,18.663775128800168,18.32946508535969,2228
16.81333995438524,16.618836066084732,17.011578430051,15.746329038656985,4785
19.666501901074398,18.986576080574714,19.132291157068344,19.26891755440262,2077
19.771804498982156,18.6778709096855,19.32695695922967,19.164504316561235,582
14.584370131588592,15.81171943258696,16.244692086121248,15.743648946835476,203
22.78450806461613,22.63131813723547,23.270979145478915,22.67536961596792,4346
17.16396723408272,16.607761092167507,16.712139940165414,16.316566125371825,3478
21.472794709145482,22.24343984616962,21.258135773085765,22.10580430771183,2929
20.901966427223105,20.980755349680376,20.545012363105542,20.556183462834106,3085
17.515207866388394,18.53196924337946,18.68560317969912,18.244232737687568,1018
17.622883216167878,17.907860007800437,18.17940648253074,17.264717391749294,1583
16.234598734871085,16.736979516540003,16.790464182729803,16.72902886243004,1032
17.054654232403,17.58704003495948,17.09531522368418,16.869817461232568,1718
21.353248956776074,20.592099541214246,20.851774751921994,21.121284029601362,1281
15.320494137403365,14.825674614003585,14.633399784983776,15.551210466648792,2498
19.24873049903117,19.167095210354756,19.305585792172128,20.062059878936797,3350
19.5902571485645,19.070082138070816,19.950772159917566,19.074038213945254,517
21.14279098416989,20.926062541831342,20.85997979667114,19.427658606315312,1747
13.600224967680429,13.54605189768023,14.285679407693017,14.726088621745161,4652
17.669300872289874,16.883838753844675,17.818854734812597,18.265884429363535,3732
20.573183397451043,20.363020087655865,20.718265366186095,20.624376840194323,668
17.653454949413106,18.00099146588727,17.396855280268813,17.710750639027033,4059
15.513018143019984,16.275160785479166,15.855520252849374,15.627897805172298,3026
13.84200490325518,15.354144463780154,13.581285732183304,13.649587272967102,4932
20.0553192010476,19.82482989209649,19.6041555721859,18.950249631134163,3286
17.004469789196,17.333467841471162,17.334680208812905,16.91735324679838,2650
21.86548910063081,22.292652003648822,20.66944655802823,22.006614867669377,4453
17.66869651055074,17.54359968629207,17.43559049307977,17.642043791488888,3192
16.011651672088465,17.236596107870472,16.784817085316423,17.447102482894604,2124
22.071059740098026,21.65795558451492,21.844136043105053,21.4288142111971,3375
20.648759944534234,20.392500357873242,19.745988370235196,20.46430716571402,3392
18.359712733870236,18.630019820065286,17.93716960115456,18.04794987562372,3485
17.44947954253975,17.890976411959134,17.998093940708223,17.25092356957007,759
17.20712097431085,17.726750203375598,17.201681913196005,17.535861299343235,3379
16.83165695256084,17.402069633928534,17.290562856830196,17.671458419003823,4440
19.694458866667716,19.078924858984973,19.15485545256408,19.814898100938485,2526
18.635416034339972,17.639307038212337,19.171774931974195,17.944175377874522,4858
16.053732607911112,16.37358446835841,15.44635874256266,15.608103383624387,907
16.69338675698711,16.280282987344204,15.812939197558851,15.5892285304905,2683
19.91733462112916,18.88950936591038,19.22144710559386,19.613538462163138,214
16.215253364638077,16.5026304042139,15.269521254775471,15.714702822253027,3331
22.536432144743557,22.372251824061717,21.449100088331424,21.953013706626262,4458
19.56742984610464,19.24279200492987,19.174654825622202,20.22268306339596,693
19.63134384402357,19.21490003841059,20.281856379051753,19.136702342013955,1503
16.590986951278456,14.356774971222844,14.711544135746795,15.056053826954187,2414
17.555157479375133,19.04711633447475,17.29825894055568,18.381103246077497,2118
17.310615579221516,16.779809666875384,16.550901012998207,16.9444230930473,3858
19.380301828776798,20.299364281051847,19.557125206296472,19.018831496887316,2462
19.20297668409561,19.185351681597236,19.034604303321004,17.94662478867454,3635
15.620429335030964,15.905006790792966,16.586118631145993,16.38823503182911,4105
19.188814743060227,19.12398782047151,18.854468417340996,19.316396664858704,4478
17.300482727802382,17.709830370115565,17.25772308629011,17.43593447437347,196
14.61688321832492,14.64444173877461,15.453229927191638,13.954229528043566,4667
18.223471231800517,17.725573039301498,17.67636238438346,17.298444828172507,1543
19.672202819406188,19.291770202897986,19.36920116051229,19.92785237023673,1330
19.260843724099896,18.984826345151934,18.57233056177504,19.828142241228203,879
18.04341561545021,18.929969287331435,18.237031785099862,18.423646075416162,4502
18.360038676432524,19.167053412756175,18.442814569533347,18.9983609760388,3501
18.213656323241533,19.256006478388382,19.65345677090824,19.5549413782016,3894
18.40787095045464,18.393013812792542,18.470698079362077,19.236794000112685,4990
19.82792200917445,19.49669023375278,19.90749147279931,20.454623850333856,887
16.05253404669462,16.477536289923297,16.479489422518213,16.704556067240887,1345
19.99603928086748,18.896289696708504,18.83085753446404,20.238531427537296,68
18.351730811944087,18.503685716504837,18.27229269569681,18.839412270562637,4210
19.791765060036006,19.79583879789981,19.60890429617873,19.60727975025097,1815
17.961219485708828,17.441052827000515,17.199917742059863,17.66687270595363,568
18.151684941224065,18.144961562801246,18.304262457112493,17.822181357667937,2167
19.936926612931735,19.995251708964265,18.87204104281636,18.789046176814065,96
18.33896400564699,18.01726880885829,18.38185031136185,17.510071916372148,4181
19.532792972042763,19.47155234678148,19.786699086188104,18.627710794546417,3353
17.719539709322913,18.157005130036083,18.38688767854894,17.624828800482472,139
18.981877658384022,18.87947782652548,18.240197740728853,19.37837798709534,4954
19.094305400651816,18.574768126055027,19.089553921798085,17.75347844122729,2602
20.798388219991413,20.458157910062795,20.47010617728475,20.548517927396524,4023
15.668919599773547,15.411500366886342,14.8186147452575,14.316653665898942,4772
19.54007441541777,19.298772055190476,19.341918868133718,19.44903945867398,1606
18.12431718941012,18.072096264572103,18.221930742399927,17.954089909065132,1629
17.897845544011354,18.207268143704496,17.56185554784719,16.483667199277583,1539
19.709616387108284,19.623833043297815,19.290058458847213,19.61773525536727,1694
16.51310524419785,16.762984426034908,16.815261086266382,16.85932083021601,2059
18.475661620600786,18.64558795936486,18.642162690577287,18.967281674319747,463
17.656836495329483,17.652653885374217,17.986308752996578,17.677345282570307,2330
14.67526618417078,15.273721796636963,14.303057590967382,15.25346473280314,3043
15.715986926476862,15.654721327497734,15.030300449375831,15.378823629242236,4734
22.007909673858123,22.264187180929877,21.98396083405872,20.67629563128145,594
19.255052338226175,18.479521216391703,18.744979002489906,20.096706439593717,3814
18.313841023349323,18.182450231721504,19.35773354525888,18.04758264070232,625
19.20567204552846,18.894213506727397,19.414882776818935,19.381426701201836,450
18.58281414447743,21.131752923442537,20.762706462742077,21.344430927214045,1499
17.2296944022695,17.110745515533935,18.64107313277347,18.38456534308678,2456
19.016025197557596,18.5198064322383,18.222264556308037,17.914778680658607,4722
17.98579805078603,17.974852358289837,18.447861359249742,18.025368077603716,2984
19.72313705978128,19.760657591069513,20.54034546598971,19.45264005460635,1569
20.10820907655073,19.739609480835203,19.63686287103206,19.52259369397672,1034
17.55279396206702,17.643630383486084,18.29162383426317,18.543508803107397,3518
17.63896857851346,17.558421241395564,17.354274088223757,17.626884312977523,1557
17.671823902194003,17.21422414340035,17.30765880076267,16.961365444920936,3624
20.567205867700203,19.05481463506953,19.800221383974772,20.22666992692676,4664
14.74256015802586,15.523394848951002,13.832352476308612,14.069550078274641,150
17.495985452327876,17.13714666543638,16.125536627016825,15.333654402992089,1420
17.361008626567713,18.27124517692336,18.20096312464105,17.901221917111357,2011
18.268674219211256,18.71627427034381,19.09293742752084,19.049458400839743,2686
18.907661160459273,18.382307068085467,20.170285364862703,20.317363007518285,1786
17.906033889775394,18.14146207127509,18.380213779756524,17.669115313547074,88
20.29600096050715,19.808945591650804,20.42529223421628,20.800053685816124,457
15.649216090491336,16.368045546845178,16.05267919362672,16.340637317598986,1305
17.50312859405678,17.254640481861184,16.64914634297837,16.903349803927725,2925
21.083019985237407,20.928613226093866,21.57678316287132,21.225134573819986,3270
15.732109174966501,15.919190715906542,16.733671018391362,16.48854950071907,3227
17.58447788695417,18.33086389471873,17.912173439861157,17.79967077435741,1988
16.81663310624725,16.856579875206094,15.580425155501633,15.969777011343144,3754
20.67092065089839,19.91056032550996,20.725602048198148,19.985376931114935,3646
17.74089787608214,17.314151770494753,18.362504929389512,18.474570060685757,831
18.79156094069094,18.88644848296951,19.260183551783268,18.897714649703982,239
17.226402349512053,17.907841443297677,17.98184515071719,17.545791530607335,4681
17.263633534965496,16.461560868473256,16.088546410205513,16.659626829507776,3022
17.943036315315613,16.7511831180743,17.312408526152424,17.390369189388586,3148
18.22533730457764,19.15808622624529,18.763401559144878,18.64923209392793,1946
17.410911257214426,17.602825978285374,18.351134641278794,18.05578184747586,2775
19.4671857169279,20.44136743492473,20.71593409974936,20.147856217783737,192
18.124254523217843,18.60824281160735,18.491665114832387,18.050889695003818,4849
14.718248826198549,14.845537396878672,15.519241974442822,13.976746684862999,4939
20.073493477485638,19.790958310101857,20.796961125454487,20.279552906837228,944
17.088475397423903,16.814880740892615,16.170006485796943,17.61967070101984,1268
19.390588377812414,19.342501518906488,19.050541395794202,19.153276161338603,4231
17.868463340031372,17.716651085667774,18.325144990899865,17.668374619766862,2307
18.688742739098096,19.07122549696048,18.538262577376795,18.448456162178953,4424
15.315633566257777,16.483743115735727,15.984512426688081,15.54204226798392,4711
20.881702138852784,20.59173151783187,20.085581901462298,19.38117034640536,2313
22.441270789153485,22.196454287649853,21.140970941927506,21.990616644690604,3214
21.86197002277665,21.699436157452595,22.32390708487593,21.17003845014645,2732
17.656320201092235,17.446785092628446,17.219226397976467,17.441025481178297,1926
